{
  "0": [
    113.947657,
    22.509065
  ],
  "1": [
    113.947657,
    22.509065
  ],
  "2": [
    113.915701,
    22.525154
  ],
  "3": [
    113.915701,
    22.525154
  ],
  "4": [
    113.94822,
    22.518481
  ],
  "5": [
    113.94822,
    22.518481
  ],
  "6": [
    113.933997,
    22.521671
  ],
  "7": [
    113.933997,
    22.521671
  ],
  "8": [
    113.933997,
    22.521671
  ],
  "9": [
    113.933475,
    22.513464
  ],
  "10": [
    113.921489,
    22.542571
  ],
  "11": [
    113.921489,
    22.542571
  ],
  "12": [
    113.91975,
    22.517717
  ],
  "13": [
    113.91975,
    22.517717
  ],
  "14": [
    113.939075,
    22.510614
  ],
  "15": [
    113.939075,
    22.510614
  ],
  "16": [
    113.941676,
    22.530704
  ],
  "17": [
    113.941676,
    22.530704
  ],
  "18": [
    113.932916,
    22.510441
  ],
  "19": [
    113.932916,
    22.510441
  ],
  "20": [
    113.919806,
    22.534088
  ],
  "21": [
    113.930613,
    22.508344
  ],
  "22": [
    113.928522,
    22.543616
  ],
  "23": [
    113.928522,
    22.543616
  ],
  "24": [
    113.936272,
    22.524663
  ],
  "25": [
    113.94118,
    22.524229
  ],
  "26": [
    113.94118,
    22.524229
  ],
  "27": [
    113.937374,
    22.525269
  ],
  "28": [
    113.937374,
    22.525269
  ],
  "29": [
    113.943213,
    22.522191
  ],
  "30": [
    113.943213,
    22.522191
  ],
  "31": [
    113.94503,
    22.522916
  ],
  "32": [
    113.94503,
    22.522916
  ],
  "33": [
    113.942471,
    22.523304
  ],
  "34": [
    113.942471,
    22.523304
  ],
  "35": [
    113.94165,
    22.521807
  ],
  "36": [
    113.94165,
    22.521807
  ],
  "37": [
    113.939057,
    22.522691
  ],
  "38": [
    113.939057,
    22.522691
  ],
  "39": [
    113.939556,
    22.525517
  ],
  "40": [
    113.939556,
    22.525517
  ],
  "41": [
    113.945129,
    22.52325
  ],
  "42": [
    113.945129,
    22.52325
  ],
  "43": [
    113.925929,
    22.527841
  ],
  "44": [
    113.941691,
    22.506345
  ],
  "45": [
    113.93258,
    22.516243
  ],
  "46": [
    113.93258,
    22.516243
  ],
  "47": [
    113.952007,
    22.544188
  ],
  "48": [
    113.952007,
    22.544188
  ],
  "49": [
    113.952007,
    22.544188
  ],
  "50": [
    113.952007,
    22.544188
  ],
  "51": [
    113.962177,
    22.541352
  ],
  "52": [
    113.960384,
    22.545851
  ],
  "53": [
    113.960384,
    22.545851
  ],
  "54": [
    113.956302,
    22.546269
  ],
  "55": [
    113.956302,
    22.546269
  ],
  "56": [
    113.938447,
    22.50364
  ],
  "57": [
    113.938447,
    22.50364
  ],
  "58": [
    113.553371,
    22.29707
  ],
  "59": [
    113.948268,
    22.538841
  ],
  "60": [
    113.948268,
    22.538841
  ],
  "61": [
    113.960522,
    22.54333
  ],
  "62": [
    113.961159,
    22.535477
  ],
  "63": [
    113.961159,
    22.535477
  ],
  "64": [
    113.953524,
    22.540997
  ],
  "65": [
    113.960791,
    22.530275
  ],
  "66": [
    113.960791,
    22.530275
  ],
  "67": [
    113.952375,
    22.532615
  ],
  "68": [
    113.952375,
    22.532615
  ],
  "69": [
    113.963324,
    22.540668
  ],
  "70": [
    113.963324,
    22.540668
  ],
  "71": [
    113.954392,
    22.535928
  ],
  "72": [
    113.954392,
    22.535928
  ],
  "73": [
    113.954392,
    22.535928
  ],
  "74": [
    113.954392,
    22.535928
  ],
  "75": [
    113.93332,
    22.518527
  ]
}