{
  "1": [
    117.07551885375584,
    36.19090407202293
  ],
  "2": [
    117.06528728841826,
    36.191972585055254
  ],
  "3": [
    117.07495384718688,
    36.19362569566259
  ],
  "4": [
    117.07537614341626,
    36.18867565074287
  ],
  "5": [
    117.12685502032159,
    36.16832754320466
  ],
  "6": [
    117.13643291220883,
    36.16816840720741
  ],
  "7": [
    117.08386476660856,
    36.17657052111506
  ],
  "8": [
    117.05815592635999,
    36.176640782840764
  ],
  "9": [
    117.05686096456785,
    36.191287293189454
  ],
  "10": [
    117.05786660347496,
    36.18571675580935
  ],
  "11": [
    117.03345166386194,
    36.19211413598453
  ],
  "12": [
    117.03783335652814,
    36.19129297660038
  ],
  "13": [
    117.15108538073005,
    36.22107680618755
  ],
  "14": [
    117.16241642333509,
    36.23184324190975
  ],
  "15": [
    117.17065059423113,
    36.23106346299574
  ],
  "16": [
    117.14123352546048,
    36.20858431342166
  ],
  "17": [
    117.14482488979982,
    36.208888705251084
  ],
  "18": [
    117.14888988209309,
    36.20793936392399
  ],
  "19": [
    117.12094994894522,
    36.18777421997997
  ],
  "20": [
    117.12437581329912,
    36.18397421159279
  ],
  "21": [
    117.12948887097988,
    36.18365719926191
  ],
  "22": [
    117.0874402649033,
    36.163020044783416
  ],
  "23": [
    117.1115160285803,
    36.20868270554043
  ],
  "24": [
    117.11264417534598,
    36.205595428679864
  ],
  "25": [
    117.11322910720241,
    36.195365634111624
  ],
  "26": [
    117.11115210819017,
    36.19565077745857
  ],
  "27": [
    117.08613942975377,
    36.17691220264649
  ],
  "28": [
    117.08600182601042,
    36.182667034377516
  ],
  "29": [
    117.17125340575294,
    36.16749918129981
  ],
  "30": [
    117.16813814975924,
    36.16753306642017
  ],
  "31": [
    117.1463677303961,
    36.19838844063768
  ],
  "32": [
    117.14647848923155,
    36.199686794658966
  ],
  "33": [
    117.14918357320353,
    36.19860588319469
  ],
  "34": [
    117.14913588991297,
    36.20021828952751
  ],
  "35": [
    117.15258026357554,
    36.21430260425854
  ],
  "36": [
    117.14896899750661,
    36.21431140544458
  ],
  "37": [
    117.0965740443975,
    36.19969681943017
  ],
  "38": [
    117.09667404745059,
    36.20047085292606
  ],
  "39": [
    117.09587329524669,
    36.2002928276251
  ],
  "40": [
    117.13325316881539,
    36.183126495790106
  ],
  "41": [
    117.13319869031004,
    36.1836021973364
  ],
  "42": [
    117.13250912959815,
    36.19396119759889
  ],
  "43": [
    117.13822853001273,
    36.19437723990047
  ],
  "44": [
    117.13847944131238,
    36.189318591501696
  ],
  "45": [
    117.12363484764799,
    36.20102862405423
  ],
  "46": [
    117.12447588906966,
    36.201703459323994
  ],
  "47": [
    117.11722896392486,
    36.20637808216424
  ],
  "48": [
    117.06940419231054,
    36.20666719847595
  ],
  "49": [
    117.06576568611123,
    36.207675298023055
  ],
  "50": [
    117.14042478260319,
    36.20381499292666
  ],
  "51": [
    117.14189136785566,
    36.203811841582564
  ],
  "52": [
    117.03901730490983,
    36.182905409929695
  ],
  "53": [
    117.04066498962324,
    36.18356972541389
  ],
  "54": [
    117.04116201071514,
    36.17606059071297
  ],
  "55": [
    117.04564535457175,
    36.177944463032894
  ],
  "56": [
    117.16626488171039,
    36.202527005963326
  ],
  "57": [
    117.17132139500319,
    36.202544347260286
  ],
  "58": [
    117.17135395371213,
    36.19963964477612
  ],
  "59": [
    117.1775701496866,
    36.20256198407139
  ],
  "60": [
    117.17778049734407,
    36.20580271481786
  ],
  "61": [
    117.04219532404126,
    36.18810772911571
  ],
  "62": [
    117.04219792232837,
    36.19047507241607
  ],
  "63": [
    117.17658097859487,
    36.19298698817224
  ],
  "64": [
    117.17560159519267,
    36.18846058631482
  ],
  "65": [
    117.16156645505399,
    36.19584945178266
  ],
  "66": [
    117.16588142531097,
    36.1942132984717
  ],
  "67": [
    117.04295449996616,
    36.180999985051734
  ],
  "68": [
    117.08915530638531,
    36.2013818774994
  ],
  "69": [
    117.0856753605627,
    36.202266248846726
  ],
  "70": [
    117.08203820153955,
    36.18933169143867
  ],
  "71": [
    117.0818723938694,
    36.18426132756866
  ],
  "72": [
    117.08931318711963,
    36.18862728424107
  ],
  "73": [
    117.08946056766285,
    36.183073837079846
  ],
  "74": [
    117.08180604713003,
    36.182316869970236
  ],
  "75": [
    117.07115130029045,
    36.20613522355721
  ],
  "76": [
    117.07522175874684,
    36.20503084567948
  ],
  "77": [
    117.09725042289554,
    36.20018287441866
  ],
  "78": [
    117.11319666435703,
    36.19364556699361
  ],
  "79": [
    117.16112716351343,
    36.19041528424906
  ],
  "80": [
    117.15716152103555,
    36.19062214526263
  ],
  "81": [
    117.15075628638091,
    36.15161972689805
  ],
  "82": [
    117.14941117408527,
    36.15168779945027
  ],
  "83": [
    117.0546473214581,
    36.17552613642273
  ],
  "84": [
    117.04755305535588,
    36.175781115342204
  ],
  "85": [
    117.04918830084124,
    36.173888282900485
  ],
  "87": [
    117.165523330141,
    36.1898318418553
  ],
  "88": [
    117.15733694251334,
    36.1989867038835
  ],
  "89": [
    117.15741748664338,
    36.20187084481338
  ],
  "90": [
    117.15744560686474,
    36.203918556453736
  ],
  "91": [
    117.12932143951308,
    36.19724062736381
  ],
  "92": [
    117.12635536114209,
    36.19699086025622
  ],
  "93": [
    117.13628701599703,
    36.20462251998431
  ],
  "94": [
    117.13956588858039,
    36.20400492498326
  ],
  "95": [
    117.14794051528648,
    36.21736462270732
  ],
  "96": [
    117.14804183068499,
    36.21690798857559
  ],
  "97": [
    117.14023943458578,
    36.16804369016087
  ],
  "98": [
    117.14941397699285,
    36.167793381377535
  ],
  "99": [
    117.15111746591609,
    36.167849050326026
  ],
  "100": [
    117.13814117865267,
    36.19535453061224
  ],
  "101": [
    117.13791147077521,
    36.19792514021657
  ],
  "102": [
    117.15437062336566,
    36.1677002006606
  ],
  "103": [
    117.07539931254509,
    36.18758156377385
  ],
  "104": [
    117.15189176898839,
    36.196940456167646
  ],
  "105": [
    117.15196946834944,
    36.1986892537818
  ],
  "106": [
    117.15349093218225,
    36.198712324469874
  ],
  "107": [
    117.1390463879489,
    36.17081678582124
  ],
  "108": [
    117.11325217592105,
    36.19842621868726
  ],
  "109": [
    117.11319322600632,
    36.19695490774854
  ],
  "110": [
    117.15727350680734,
    36.19594073586792
  ],
  "111": [
    117.15729883666192,
    36.19717272487441
  ],
  "112": [
    117.15720696425026,
    36.19278353137963
  ],
  "113": [
    117.14900405075208,
    36.20387892347752
  ],
  "114": [
    117.15040943688582,
    36.20389777198186
  ],
  "115": [
    117.11322684510786,
    36.201966958721066
  ],
  "116": [
    117.10618161194799,
    36.20149108000305
  ],
  "117": [
    117.1221452019263,
    36.20258930619908
  ],
  "118": [
    117.11326035531731,
    36.19973102270619
  ],
  "119": [
    117.10598888076338,
    36.207803316544606
  ],
  "120": [
    117.10875488434023,
    36.2118945457151
  ],
  "121": [
    117.11219378384163,
    36.21250117019621
  ],
  "122": [
    117.10422996597916,
    36.2126987577496
  ],
  "123": [
    117.12888309396784,
    36.21303421971917
  ],
  "124": [
    117.13060196319492,
    36.20838985594203
  ],
  "125": [
    117.13238424343811,
    36.21136983749224
  ],
  "126": [
    117.12335970085695,
    36.21320564313622
  ],
  "127": [
    117.07462199009345,
    36.19759976109477
  ],
  "128": [
    117.07682631221329,
    36.19051037912953
  ],
  "129": [
    117.08913514989882,
    36.196035750876405
  ],
  "130": [
    117.08587496788464,
    36.18858851139669
  ],
  "131": [
    117.0857175495432,
    36.20975353242207
  ],